"deathtype","gene","description","gene_id","gene_biotype","pmid","comment"
"Cuproptosis","MTF1","metal regulatory transcription factor 1","ENSG00000188786.10","protein_coding",35298263,"Negative hits. To identify the specific metabolic pathways that mediate copper toxicity, we performed genome-wide CRISPR-Cas9 loss-of-function screens to identify the genes involved in copper ionophore_induced death."
"Cuproptosis","GLS","glutaminase","ENSG00000115419.14","protein_coding",35298263,"Negative hits. To identify the specific metabolic pathways that mediate copper toxicity, we performed genome-wide CRISPR-Cas9 loss-of-function screens to identify the genes involved in copper ionophore_induced death."
"Cuproptosis","CDKN2A","cyclin dependent kinase inhibitor 2A","ENSG00000147889.18","protein_coding",35298263,"Negative hits. To identify the specific metabolic pathways that mediate copper toxicity, we performed genome-wide CRISPR-Cas9 loss-of-function screens to identify the genes involved in copper ionophore_induced death."
"Cuproptosis","DNA2","DNA replication helicase/nuclease 2","ENSG00000138346.15","protein_coding",35298263,"Mass spectrometric analysis also revealed that copper ionophore treatment leads to loss of Fe-S cluster proteins (Fig. 6, A and B) in an FDX1-dependent manner (Fig. 6C) as well as the induction of proteotoxic stress (Fig. 6, B and C; fig. S8A; and table S4). Whether such loss of Fe-S cluster proteins contributes to the copper ionophore death phenotype remains to be determined."
"Cuproptosis","NTHL1","nth like DNA glycosylase 1","ENSG00000065057.9","protein_coding",35298263,"Mass spectrometric analysis also revealed that copper ionophore treatment leads to loss of Fe-S cluster proteins (Fig. 6, A and B) in an FDX1-dependent manner (Fig. 6C) as well as the induction of proteotoxic stress (Fig. 6, B and C; fig. S8A; and table S4). Whether such loss of Fe-S cluster proteins contributes to the copper ionophore death phenotype remains to be determined."
"Cuproptosis","POLE","DNA polymerase epsilon, catalytic subunit","ENSG00000177084.19","protein_coding",35298263,"Mass spectrometric analysis also revealed that copper ionophore treatment leads to loss of Fe-S cluster proteins (Fig. 6, A and B) in an FDX1-dependent manner (Fig. 6C) as well as the induction of proteotoxic stress (Fig. 6, B and C; fig. S8A; and table S4). Whether such loss of Fe-S cluster proteins contributes to the copper ionophore death phenotype remains to be determined."
"Cuproptosis","POLD1","DNA polymerase delta 1, catalytic subunit","ENSG00000062822.16","protein_coding",35298263,"Mass spectrometric analysis also revealed that copper ionophore treatment leads to loss of Fe-S cluster proteins (Fig. 6, A and B) in an FDX1-dependent manner (Fig. 6C) as well as the induction of proteotoxic stress (Fig. 6, B and C; fig. S8A; and table S4). Whether such loss of Fe-S cluster proteins contributes to the copper ionophore death phenotype remains to be determined."
"Cuproptosis","CISD1","CDGSH iron sulfur domain 1","ENSG00000122873.12","protein_coding",35298263,"Mass spectrometric analysis also revealed that copper ionophore treatment leads to loss of Fe-S cluster proteins (Fig. 6, A and B) in an FDX1-dependent manner (Fig. 6C) as well as the induction of proteotoxic stress (Fig. 6, B and C; fig. S8A; and table S4). Whether such loss of Fe-S cluster proteins contributes to the copper ionophore death phenotype remains to be determined."
"Cuproptosis","GLRX5","glutaredoxin 5","ENSG00000182512.5","protein_coding",35298263,"Mass spectrometric analysis also revealed that copper ionophore treatment leads to loss of Fe-S cluster proteins (Fig. 6, A and B) in an FDX1-dependent manner (Fig. 6C) as well as the induction of proteotoxic stress (Fig. 6, B and C; fig. S8A; and table S4). Whether such loss of Fe-S cluster proteins contributes to the copper ionophore death phenotype remains to be determined."
"Cuproptosis","PPAT","phosphoribosyl pyrophosphate amidotransferase","ENSG00000128059.8","protein_coding",35298263,"Mass spectrometric analysis also revealed that copper ionophore treatment leads to loss of Fe-S cluster proteins (Fig. 6, A and B) in an FDX1-dependent manner (Fig. 6C) as well as the induction of proteotoxic stress (Fig. 6, B and C; fig. S8A; and table S4). Whether such loss of Fe-S cluster proteins contributes to the copper ionophore death phenotype remains to be determined."
"Cuproptosis","RTEL1","regulator of telomere elongation helicase 1","ENSG00000258366.12","protein_coding",35298263,"Mass spectrometric analysis also revealed that copper ionophore treatment leads to loss of Fe-S cluster proteins (Fig. 6, A and B) in an FDX1-dependent manner (Fig. 6C) as well as the induction of proteotoxic stress (Fig. 6, B and C; fig. S8A; and table S4). Whether such loss of Fe-S cluster proteins contributes to the copper ionophore death phenotype remains to be determined."
"Cuproptosis","ELP3","elongator acetyltransferase complex subunit 3","ENSG00000134014.18","protein_coding",35298263,"Mass spectrometric analysis also revealed that copper ionophore treatment leads to loss of Fe-S cluster proteins (Fig. 6, A and B) in an FDX1-dependent manner (Fig. 6C) as well as the induction of proteotoxic stress (Fig. 6, B and C; fig. S8A; and table S4). Whether such loss of Fe-S cluster proteins contributes to the copper ionophore death phenotype remains to be determined."
"Cuproptosis","CDK5RAP1","CDK5 regulatory subunit associated protein 1","ENSG00000101391.21","protein_coding",35298263,"Mass spectrometric analysis also revealed that copper ionophore treatment leads to loss of Fe-S cluster proteins (Fig. 6, A and B) in an FDX1-dependent manner (Fig. 6C) as well as the induction of proteotoxic stress (Fig. 6, B and C; fig. S8A; and table S4). Whether such loss of Fe-S cluster proteins contributes to the copper ionophore death phenotype remains to be determined."
"Cuproptosis","ISCA2","iron-sulfur cluster assembly 2","ENSG00000165898.14","protein_coding",35298263,"Mass spectrometric analysis also revealed that copper ionophore treatment leads to loss of Fe-S cluster proteins (Fig. 6, A and B) in an FDX1-dependent manner (Fig. 6C) as well as the induction of proteotoxic stress (Fig. 6, B and C; fig. S8A; and table S4). Whether such loss of Fe-S cluster proteins contributes to the copper ionophore death phenotype remains to be determined."
"Cuproptosis","ETFDH","electron transfer flavoprotein dehydrogenase","ENSG00000171503.13","protein_coding",35298263,"Mass spectrometric analysis also revealed that copper ionophore treatment leads to loss of Fe-S cluster proteins (Fig. 6, A and B) in an FDX1-dependent manner (Fig. 6C) as well as the induction of proteotoxic stress (Fig. 6, B and C; fig. S8A; and table S4). Whether such loss of Fe-S cluster proteins contributes to the copper ionophore death phenotype remains to be determined."
"Cuproptosis","HSPA1A","heat shock protein family A (Hsp70) member 1A","ENSG00000204389.10","protein_coding",35298263,"Comparing the livers of aged Atp7b-deficient (Atp7b_/_) mice with those of Atp7b heterozygous (Atp7b_/+) and wild-type control mice, we observed loss of lipoylated and Fe-S cluster proteins, as well as an increase in Hsp70 abundance (Fig. 6K and table S5)."
"Cuproptosis","HSPA1B","heat shock protein family A (Hsp70) member 1B","ENSG00000204388.7","protein_coding",35298263,"Comparing the livers of aged Atp7b-deficient (Atp7b_/_) mice with those of Atp7b heterozygous (Atp7b_/+) and wild-type control mice, we observed loss of lipoylated and Fe-S cluster proteins, as well as an increase in Hsp70 abundance (Fig. 6K and table S5)."
"Cuproptosis","ATP7A","ATPase copper transporting alpha","ENSG00000165240.22","protein_coding",35298263,"Not studied in the source article"
"Cuproptosis","ATP7B","ATPase copper transporting beta","ENSG00000123191.16","protein_coding",35298263,"Not studied in the source article"
"Cuproptosis","FDX1","ferredoxin 1","ENSG00000137714.3","protein_coding",35298263,"Individual gene knockout studies further confirmed that deletion of FDX1 and LIAS conferred resistance to copper-induced cell death (Fig. 3, F and G, and fig. S4, C to K), further strengthening a functional link between FDX1, the protein lipoylation machinery, and copper toxicity."
"Cuproptosis","LIAS","lipoic acid synthetase","ENSG00000121897.15","protein_coding",35298263,"Individual gene knockout studies further confirmed that deletion of FDX1 and LIAS conferred resistance to copper-induced cell death (Fig. 3, F and G, and fig. S4, C to K), further strengthening a functional link between FDX1, the protein lipoylation machinery, and copper toxicity."
"Cuproptosis","LIPT1","lipoyltransferase 1","ENSG00000144182.17","protein_coding",35298263,"Killing by both compounds was rescued by knockout of seven genes (Fig. 3A, marked in blue), including FDX1 [which encodes a reductase known to reduce Cu2+ to its more toxic form, Cu1+, and to be a direct target of elesclomol (5)] and six genes that encode either components of the lipoic acid pathway [lipolytransferase 1 (LIPT1), lipoyl synthase (LIAS), and dihydrolipoamide dehydrogenase (DLD)] or protein targets of lipoylation [the pyruvate dehydrogenase (PDH) complex, including dihydrolipoamide S-acetyltransferase (DLAT), pyruvate dehydrogenase E1 subunit alpha 1 (PDHA1), and pyruvate dehydrogenase E1 subunit beta (PDHB)] (26) (Fig. 3D)."
"Cuproptosis","DLD","dihydrolipoamide dehydrogenase","ENSG00000091140.15","protein_coding",35298263,"These observations were validated by an independent knockout screen that focused on 3000 metabolic enzymes (27) (Fig. 3E; fig. S4, A and B; and table S2)."
"Cuproptosis","DLAT","dihydrolipoamide S-acetyltransferase","ENSG00000150768.17","protein_coding",35298263,"These observations were validated by an independent knockout screen that focused on 3000 metabolic enzymes (27) (Fig. 3E; fig. S4, A and B; and table S2)."
"Cuproptosis","PDHA1","pyruvate dehydrogenase E1 subunit alpha 1","ENSG00000131828.14","protein_coding",35298263,"Killing by both compounds was rescued by knockout of seven genes (Fig. 3A, marked in blue), including FDX1 [which encodes a reductase known to reduce Cu2+ to its more toxic form, Cu1+, and to be a direct target of elesclomol (5)] and six genes that encode either components of the lipoic acid pathway [lipolytransferase 1 (LIPT1), lipoyl synthase (LIAS), and dihydrolipoamide dehydrogenase (DLD)] or protein targets of lipoylation [the pyruvate dehydrogenase (PDH) complex, including dihydrolipoamide S-acetyltransferase (DLAT), pyruvate dehydrogenase E1 subunit alpha 1 (PDHA1), and pyruvate dehydrogenase E1 subunit beta (PDHB)] (26) (Fig. 3D)."
"Cuproptosis","PDHB","pyruvate dehydrogenase E1 subunit beta","ENSG00000168291.13","protein_coding",35298263,"Killing by both compounds was rescued by knockout of seven genes (Fig. 3A, marked in blue), including FDX1 [which encodes a reductase known to reduce Cu2+ to its more toxic form, Cu1+, and to be a direct target of elesclomol (5)] and six genes that encode either components of the lipoic acid pathway [lipolytransferase 1 (LIPT1), lipoyl synthase (LIAS), and dihydrolipoamide dehydrogenase (DLD)] or protein targets of lipoylation [the pyruvate dehydrogenase (PDH) complex, including dihydrolipoamide S-acetyltransferase (DLAT), pyruvate dehydrogenase E1 subunit alpha 1 (PDHA1), and pyruvate dehydrogenase E1 subunit beta (PDHB)] (26) (Fig. 3D)."
"Cuproptosis","SLC31A1","solute carrier family 31 member 1","ENSG00000136868.11","protein_coding",35298263,"Importantly, ferroptosis, necroptosis, and apoptosis inhibitors did not prevent copper-induced cell death in cells overexpressing SLC31A1 (Fig. 6G and fig. S8, D to F), whereas copper chelators, FDX1 KO, and LIASKOeach partially rescued cells from copper induced cell death (Fig. 6, G andH, and fig. S8, D to G)."
